Sample,Sequence,SampleGroup,Batch,RunType,IS_D3-Alanine,IS_C13-Phenylalanine,L-Alanine,L-Valine,Leucine,L-Isoleucine,Glycine,L-Serine,L-Threonine,L-Methionine,L-Glutamic acid,Phenylalanine,L-Glutamine,L-Lysine,L-Tyrosine,L-Tryptophan,L-Cystine,Myristic acid,Palmitelaidic acid,Palmitic acid,Linoleic acid,Oleic acid,Stearic acid,Arachidonic acid,meso-Erythritol,Arabitol,Myo-inositol,Xylose,Arabinose,Fructose,Talose (syn),Galactose (1Z),Glucose (1Z),Maltose,Mannitol,Sorbitol,Dulcitol,Maltitol,Ribose,1-Monopalmitin,"1,5-Anhydroglucitol","1,5-Dihydroxyphthalene",2-Ketoisocaproic acid,"2,3,4-Trihydroxybutyric acid","2,5-Furandicarboxylic acid",3-Deoxyhexitol,3-Hydroxybutyric acid,4-Hydroxybenzoic acid,4-Hydroxybutanoic acid,9H-Purin-6-ol,9H-Purine,Acetophenone,"Allonic acid, gamma-lactone",alpha-Tocopherol,Arabinofuranose,Benzoic Acid,Butylphosphonic acid,Cadaverine,Citric acid,D-Gluconic acid,D-Glucopyranose,D-Lactose,D-Xylopyranose,DL-Ornithine,Dodecanoic acid,Eicosapentaenoic Acid,Ethanolamine,Ethyl-alpha-D-glucopyranoside,Gluconolactone ,Glyceric acid,Glycerol monostearate,Glycerol,Glycidyl palmitate,Glycolic acid,Heptadecanoic acid,Hippuric acid,Indol-5-ol,L-Ornithine,Lactic Acid,"Mannonic acid, gamma-lactone",Methyl galactoside,Nonoic acid,Octopamine,p-Cresol,p-Toluenesulfomide,Propanoic acid,Pseudouridine,Ribonic acid,Sucrose,Tartaric acid,Urea
Sample11,14,DM,Batch1,Sample,3415100,2037269,3170319,3053960,918680,814776,4821911,993727,372733,25699,515342,288420,521188,1504076,1116557,812353,138806,209877,217594,6118020,2107900,640703,2931493.333,429961,188777,108566,1050988,234697,64903,528393,385769,2196740,3305210,30309,597567,451463.5,216145.5,1288715.5,,169969,749999,23544.5,485905,236556,71616,96481,2390692,13096,2201206,136464,1411659,403682,1123832,291845,276992,44832,54337,548907,1397937,,672972,47643,48862.5,181951,123465,186663,202892,30111,88687.5,562025,45139,1519722,140250,518280,,,134108,1247385,10965073,460233,367388,,4662679,206828,,396672,,,,95713.5,
Sample14,71,DM,Batch1,Sample,6082869,4748038,5167928,4157701,1654664,1944423,8951802,1700049,1345605,113987,1279543,683323,257640,1774938,1464244,2271782,666615,323274,361919,6630632,3335402,1064615,4970511.333,1218482,360767,333345,1560961,546400,64903,646225,277322,3717162,5130238,100012,597567,451463.5,216145.5,1288715.5,,368471,6646851,23544.5,188503,427771,71616,96481,2613834,13096,5273726,274252,6177947,1728861,1019677,648085,1167305,198525,126973,1405467,4709386,,435211,47643,48862.5,755011,371859,358662,544093,30111,88687.5,1161100,135513,3647280,,1858581,107859,136052,134108,1852906,29669474,,1173326,324507,9933032,333255,58026,1342208,91278,,118313,95713.5,39187652
Sample16,19,DM,Batch2,Sample,13975619,9542307,12652652,10157293,4233637,4360674,15887765,1618190,1339400,179940,1529078,1267681,2437829,3351075,1560039,4360124,678351,329432,354133,11081487,3689275,1170099,8138255.333,1466426,617464,360767,2313186,913831,210903,2357517,1667533,5191885,7204288,117795,597567,451463.5,216145.5,1288715.5,129217,520261,11224798,23544.5,1397950,675458,71616,96481,4769385,13096,,287460,7309683,1288295,,791745,744015,308249,205506,2399700,6268658,248306,849296,47643,48862.5,420724,367191,839882,425033,30111,88687.5,1057269,196217,4379790,318919,1575162,152410,202462,134108,2861532,56208538,2724127,671442,,17252696,298043,135930,2458956,138227,280335,,95713.5,
Sample19,22,DM,Batch2,Sample,9085672,3666341,6794018,7467285,2556196,2042248,8604241,1953937,883362,64297,1015032,494055,1611472,2548459,3087620,2606534,367200,723351,867767,13899839,5379323,2192088,8179199.333,1460811,810032,302433,2121990,688802,226336,1560043,600588,674948,5754857,96187,597567,451463.5,216145.5,1288715.5,143862,507142,556578,23544.5,1216462,551851,71616,96481,8305491,13096,5006734,324979,3522278,1277348,,834687,262087,169166,154136,1250028,7869321,179297,13140611,47643,48862.5,779888,504215,635542,,30111,88687.5,1129336,186253,6717613,361615,1523000,160132,104984,134108,2746074,52685961,,283200,147669,9635686,684195,88363,1769772,111580,434505,,95713.5,
Sample2,3,DM,Batch1,Sample,10537333,5921050,9922620,7417718,2350782,1553327,7238233,1019045,907831,129475,1093062,837211,1987725,3521100,714025,2861013,629781,498344,340808,10003875,5477010,1390736,5730991.333,886740,695343,348852,2017029,426304,64903,1513212,1319975,4954633,4542914,94191,597567,451463.5,216145.5,1288715.5,,418355,1607751,23544.5,1907723,459152,71616,96481,3191240,13096,3728455,267835,7743580,786792,1663390,2020657,,112666,81615,1158133,5458089,195651,817835,47643,48862.5,202941,242903,527831,186585,30111,88687.5,905782,113579,4673401,141237,833476,99985,,134108,1955484,16512375,1811354,734464,202386,8340997,217481,,1377133,,,,95713.5,24036328
Sample22,26,DM,Batch2,Sample,11889313,8645801,8521005,7217425,3126217,3447771,12162215,1762119,1318058,174678,1787828,1169190,3210533,3565491,1625945,4458626,511759,538414,611212,13427263,4836323,1730734,7995350.333,1419375,643502,363413,2636338,673250,223635,1404632,1138686,4996478,6675144,185891,597567,451463.5,216145.5,1288715.5,68791,654907,5572221,23544.5,290327,821936,71616,96481,6985418,13096,6207652,376185,9007376,1097112,,847092,741009,297203,255849,1921161,5134063,200257,4061778,47643,48862.5,609323,328983,781206,,30111,88687.5,1312963,245167,5698213,454109,1422548,318459,157666,134108,3456738,49261187,1135050,664790,,15097693,231959,119106,2757711,187081,,124962,95713.5,66162871
Sample26,31,DM,Batch2,Sample,10882526,8725477,7748819,6848849,2695131,2420047,11577713,2335574,977142,127688,1331895,1187656,3152446,3225008,3345070,5440345,441404,444904,491360,11438769,4392804,1683501,8250965.333,1686141,524204,415380,2371371,633845,187707,1946506,1572111,4804216,6240426,96416,597567,451463.5,216145.5,1288715.5,63408,805553,8668226,23544.5,276505,751823,71616,96481,3188033,13096,5816165,242819,8310129,979596,,1155783,802776,243054,203285,1990521,3922407,382084,8552720,47643,48862.5,483386,392987,691548,344101,30111,88687.5,1660309,269709,4182664,446418,1730056,314002,279516,134108,2981569,46689844,1366303,527120,319870,13578788,472977,1198082,1624748,156994,,,95713.5,
Sample28,33,DM,Batch2,Sample,14681105,10995483,8295007,11195766,3985251,2796805,13260710,1773957,1417850,278471,1057690,1599764,5103766,4191774,2166750,6690694,863731,491714,584176,12515539,4515824,1787606,8349933.333,2506160,808063,479698,2541716,613591,191606,1811131,1912225,7239183,5554999,177852,597567,451463.5,216145.5,1288715.5,,782498,7393220,23544.5,2408725,645865,71616,96481,10885778,13096,2154331,1184253,9133231,1759897,,1534186,1232928,195463,239096,2033940,5418874,197807,5070316,47643,48862.5,826252,454014,913002,,30111,88687.5,1350090,301740,6777902,524211,1716752,272734,146806,134108,5110745,47307086,,942413,416716,10301673,253917,203990,1843214,208350,,,95713.5,
Sample32,39,DM,Batch3,Sample,4577472,1502398,2840568,3110116,1263148,1100289,7796459,862888,497476,28123,502070,196920,283200,710380,362422,858616,92675,198652,155275,4995526,2821304,664418,2884070.333,355287,220884,141385,1044488,196935,64903,604122,314441,2506168,2884944,52398,597567,451463.5,216145.5,1288715.5,,170184,865011,23544.5,147865,274340,71616,96481,2731655,13096,3283876,60045,1147628,1355272,,366990,311327,133727,70089,684693,2705280,180777,202160,47643,48862.5,176346,168058,139214,,30111,88687.5,982186,65170,2674461,,716269,,,134108,548157,29245358,375602,578799,,5256921,175124,41109,1423166,,,73678,95713.5,30814697
Sample33,40,DM,Batch3,Sample,5216190,1859521,4574735,4490102,1426287,1312775,5962398,1192283,312328,26098,555566,262186,646383,1128929,313705,1030906,116910,298332,167422,6418452,2464035,682635,3817322.333,522562,433549,165400,1380858,460782,105465,1426839,1358296,4751312,4630282,83602,597567,451463.5,216145.5,1288715.5,,150305,1645617,23544.5,679294,341068,71616,96481,3576724,13096,,48980,1752826,698707,,331238,587612,104087,65690,674038,2829052,,761049,47643,48862.5,276300,281577,202985,316034,30111,88687.5,601638,55665,3430628,,1030145,115738,,134108,1349326,31191036,1316302,496966,,5318320,351809,,1446716,,,,95713.5,37444236
Sample36,44,DM,Batch3,Sample,8841697,5330610,5906927,5438714,2907953,2719462,7215807,1327912,809424,91336,1466927,669364,1744265,1693300,770530,2226069,527320,394723,346709,8027714,4530669,1179100,5276781.333,1251064,794199,354358,1311302,554526,186945,843009,610916,3874068,4862396,56274,597567,451463.5,216145.5,1288715.5,,322116,5857059,23544.5,219677,569339,71616,96481,4846092,13096,,208072,7448271,1248613,,611011,872736,173541,119518,1288503,5150079,,581257,47643,48862.5,373197,249063,467154,442185,30111,88687.5,652786,126321,3728265,291641,1635463,131412,197473,134108,2057615,30687455,998257,550020,610840,8663506,1307285,97701,1858501,137089,,,95713.5,29798673
Sample39,47,DM,Batch3,Sample,4767281,2083292,3330771,3787447,954234,1081679,5024920,639150,502337,28518,752437,243055,716852,1125493,1196181,1089958,130772,165750,220751,6738454,2290432,742250,4290907.333,749432,396193,168558,1082795,301040,90810,559928,482707,2447834,4024904,59222,597567,451463.5,216145.5,1288715.5,,211608,1847501,23544.5,94873,282352,71616,96481,1982656,13096,2566209,44610,2578585,783410,1222690,326222,188910,117530,63517,644147,2731417,,390706,47643,48862.5,302710,133678,305041,296487,30111,88687.5,586670,78249,1624702,,933881,,97786,134108,1434559,24026623,626190,301663,94282,4497896,122151,78329,1298577,,,,95713.5,
Sample4,5,DM,Batch1,Sample,10525051,7604187,8482475,6051609,1865726,1516668,10803267,1578081,2003462,235950,784240,896185,2844176,3679856,1152346,2892932,487338,615252,538050,8614875,5118472,1319529,5135379.333,1043895,352980,288892,1869024,419371,64903,843444,375284,3836185,5072033,30309,597567,451463.5,216145.5,1288715.5,,365519,2625775,23544.5,241205,404300,71616,96481,2131594,13096,3921341,209656,5339857,763643,1924130,489088,727264,119971,93888,1305117,6322439,157189,1023113,47643,48862.5,407338,427735,585975,508557,30111,88687.5,1169810,133435,4991803,,,168217,,134108,2019728,14927480,1762136,675203,,10213614,314326,,2772749,71265,,,95713.5,21283723
Sample43,51,DM,Batch3,Sample,7030258,4937915,3785427,3603789,1320790,1632517,8540738,1475800,948165,89723,250430,622974,1088117,1367500,1000975,1052823,140227,461014,488481,6602853,4909465,1402326,4416781.333,563545,312526,194439,1596359,393427,121110,1084782,1006077,3608102,4137697,30309,597567,451463.5,216145.5,1288715.5,,313139,7786002,23544.5,993203,370518,71616,96481,8443357,13096,3954956,366728,5514066,1091476,1413620,713123,485645,144842,79545,1340267,4885923,,792699,47643,48862.5,261620,438071,198644,538014,30111,88687.5,1224903,119230,4060011,,1743111,91529,76684,134108,1307801,26520374,577883,539016,134228,8478682,79032,55954,1501308,,,31114,95713.5,33685687
Sample47,56,DM,Batch4,Sample,8520606,4268001,4625803,3030763,726451,645822,9936471,1162046,674632,73748,787752,515241,463624,1397912,890344,983842,336776,353384,424341,8273314,5446037,1436288,4959786.333,991685,683994,366393,1926023,426988,144164,975703,850291,2925146,3821002,68034,597567,451463.5,216145.5,1288715.5,,283318,2278916,23544.5,142555,424791,71616,96481,10800069,13096,,175747,4503087,2294506,1118125,611531,324259,241833,130321,,6563859,,174798,47643,48862.5,392073,369592,334140,367315,30111,88687.5,1062141,88839,4529711,150013,1685507,,169272,134108,1444232,34001983,,551526,367973,8022421,274419,80369,1330471,122590,,,95713.5,
Sample50,59,DM,Batch4,Sample,8756481,4126272,7791697,5890821,1746660,1904094,7316763,1267986,835143,71532,1251853,567550,381392,1988486,906086,2884840,518957,577326,522977,10320006,5927371,1770076,6374040.333,1362203,595391,281286,1918413,539549,140645,1572665,1441786,4937486,5023470,1918413,597567,451463.5,216145.5,1288715.5,,470730,947362,23544.5,1621661,593434,71616,96481,4946408,13096,4610821,224233,7026326,1552229,1257835,651580,1226006,257117,91140,1127391,5197582,,,47643,48862.5,,354452,618054,438001,30111,88687.5,1157324,144521,3908827,,1902860,195383,,134108,1179932,36721783,595634,1172351,309278,8480383,71462,142165,3457197,97410,,,95713.5,
Sample52,63,DM,Batch4,Sample,7793418,4475042,5584063,4270668,1893362,2013273,8400688,1603322,1362578,75478,1082298,563740,572477,1945367,621329,2007077,418175,433592,543752,8402368,5254347,1390128,4862661.333,1455510,800186,403764,1792546,630538,136049,1158940,540873,4387273,4326876,69903,597567,451463.5,216145.5,1288715.5,,355184,3475102,23544.5,268481,510621,71616,96481,3169591,13096,4479889,397320,5941962,1146364,1644977,625075,943584,207637,92812,,4934465,,366980,47643,48862.5,507689,446065,475681,,30111,88687.5,1473572,113399,4029626,,2002048,109431,107836,134108,1777938,31184716,,846804,178423,8258994,294483,73123,1390828,151728,,,95713.5,43862142
Sample56,68,DM,Batch4,Sample,7341595,4192192,5485710,3618484,1082109,1319495,7094674,2506248,1684944,70630,1370081,531120,341616,1684944,1809986,2510091,339629,541536,511778,9914932,5371269,1469918,6507685.333,1608335,655989,359311,1484487,507623,139419,678202,339418,2957362,4059980,543201,597567,451463.5,216145.5,1288715.5,,517178,7221771,23544.5,227335,396548,71616,96481,4277356,13096,4530001,186186,6505646,1903319,1340820,811020,599640,223274,112277,1189636,4429930,,570367,47643,48862.5,517939,237189,651629,,30111,88687.5,1177937,197853,4352634,,2221746,126695,,134108,1668149,32808744,403974,765853,223180,8416712,198676,84526,2345541,,,86286,95713.5,
Sample59,74,DM,Batch4,Sample,6856912,3930299,6290645,5078373,1140741,1026711,7852493,1549483,771247,114650,562425,661123,441641,2154702,761745,2324237,433798,317591,306373,8181436,4470159,1037528,5046880.333,49634,628256,392556,1906600,613895,187211,1338321,610479,3880264,4611916,224314,597567,451463.5,216145.5,1288715.5,63531,334917,2233050,23544.5,242176,554938,71616,96481,3315219,13096,4955657,51360,6621401,1263925,1103099,645148,886824,244309,87086,1003800,4750489,,316438,47643,48862.5,521996,236583,394894,,30111,88687.5,1485687,111739,4671904,,1532023,95900,278474,134108,1682499,37906037,228758,1378649,157698,8081083,446400,93741,1581342,114206,,,95713.5,47389265
Sample9,11,DM,Batch1,Sample,7315855,5125145,4320238,3605486,1456996,1431953,7893653,1068429,734080,58707,729763,579742,1032949,2471457,576912,2309174,387787,269799,253253,6357822,2795519,942277,4095359.333,756577,356524,202694,1984257,351461,64903,753718,539869,2978100,3636213,30309,597567,451463.5,216145.5,1288715.5,,331582,3528240,23544.5,175410,365172,71616,96481,1918856,13096,3782892,390177,7045205,565109,1573016,598556,525361,148933,102073,1239900,3956176,,924357,47643,48862.5,341997,184549,429128,384715,30111,88687.5,970808,108434,2525452,,,95901,241276,134108,1683192,6202053,839470,578702,237454,8933575,194225,73288,666283,80653,,,95713.5,17893549
Sample12,15,KF,Batch1,Sample,4099021,2665418,2908650,2498502,895354,839986,5134140,619629,265347,17531,733133,344507,567036,1101465,236563,375830,131952,126335,110224,5780421,2140800,602841,3006959.333,557156,2099403,1446658,4244055,2125445,331129,1606312,1000437,3735058,3127761,241282,3042000,3646169,1244544,4448777,167944,297564,411751,52824,,1628655,1061886,874288,1680124,,2265265,41250,1319275,227016,785594,290090,,67607,48708,637866,2504305,626906,,246656,190597,,80896,183464,,182885,390039,733543,212761,2473676,116660,677013,,628175,1332422,995826,12051610,164382,971948,85626,4772643,1690185,,1080455,214834,327081,1190515,4854075,18576815
Sample15,17,KF,Batch1,Sample,3285777,2061627,1973076,2177959,844912,606657,4078138,936712,293250,14770,316471,299172,536948,1289912,732174,234684,56253,98353,85096,4884233,1629174,411339,2641384.333,407117,2020871,1445943,5391923,2065649,455643,1567924,848057,2598349,3393432,272066,7221348,1458095,1338098,4901635,236557,100648,342068,,,1744163,145146,807542,,52878,2062084,96612,1484420,234853,343626,212920,100016,35635,40012,568710,2156855,523127,347665,437089,,,,166214,182546,87174,,296028,,1856046,94044,600624,,1177423,634436,1122207,11594963,,,,4381725,1065818,,,217232,1140315,1171288,523435,9662230
Sample20,23,KF,Batch2,Sample,14006790,9625350,7125928,3672381,525327,961447,14967717,2043742,1382968,128294,1248295,1213289,2875835,1979690,1532147,1897080,470491,540232,714643,14614817,4883812,2219940,8254790.333,1681992,6587380,3861223,9433108,9287189,1508981,4547007,3019353,7862400,6313440,1945181,7924259,19196267,3019968,8900839,428095,657603,4505960,78489,,5662152,1486550,2731924,5543487,,6189693,266138,8063500,1481053,1573846,1062951,,144534,288434,2335824,4649958,2186602,1272161,1498828,,,,763657,731585,306625,1611390,1052019,218258,5653032,483376,,134086,5243995,,2335218,48588565,1143823,,278606,15768335,854741,117410,4107250,3147360,2922017,2960315,7587874,25212230
Sample23,27,KF,Batch2,Sample,6160146,4026638,3203784,2576521,816807,908562,10147352,1184094,871701,30332,809357,438707,1047455,1515741,1182727,419935,167841,365978,380839,10056085,3225144,1142070,6543848.333,1223466,3376087,2542817,7708526,3859739,803666,2161710,1232145,3882651,4760963,530532,6226654,16063622,2381039,5871130,186742,541145,822252,142193,,2747006,516393,1568037,,309842,,119447,2737914,820585,1061306,428834,,63703,126247,1002258,4191158,1613546,,771284,,1480872,319265,568343,,481842,808835,448604,387947,3155237,312638,,122805,4557702,2564909,1764827,34119528,,,,,5286436,,1650353,554758,1497498,1183595,652605,22476443
Sample25,29,KF,Batch2,Sample,11925818,10293816,7917620,5083482,2436176,3197200,14189865,1859855,1268031,241871,3496036,1194962,3074772,3366448,861028,1814997,820164,678385,371476,12883896,5051800,2016289,7936327.333,1447126,5013641,3967766,8124260,4967845,1251617,4651494,2458075,6967045,5671352,698049,6796359,9220909,3436245,9384178,400174,611417,827515,95824,200278,3700311,1042827,2619310,8226012,512171,6005720,279075,5613859,967682,1896563,991608,574847,151281,280895,2434768,7427818,1197290,927059,1075405,450396,,474500,868830,678262,,827061,842686,252166,8807860,336746,1727321,206231,11633469,1671914,4310949,45828058,764641,,223670,14837626,6534693,136154,3238818,1258379,3567532,1925683,1564657,41437967
Sample29,34,KF,Batch2,Sample,10635161,9316341,6673594,5245679,1423448,1605159,16100139,1677867,1822638,211317,1434345,1222983,2923041,2973642,535236,1478798,655169,278377,175268,7918790,3397531,1162833,6558856.333,1463750,4218961,2729114,6516906,4077382,823780,4863914,2913513,7928288,5909977,1131373,6475247,2872287,2612652,7354788,351203,481698,925891,178558,,3038289,676026,2082680,2083769,179783,1993779,153970,4654876,919834,2343210,517049,1154887,83824,223056,2323994,5407698,1002900,1195025,793297,521725,,,713815,655382,277252,1014738,663880,173990,3021582,336860,1689446,119932,9930276,3126539,3673378,41780659,673774,1535410,,14220814,4539231,120867,2837837,1116921,,2443045,1440672,19338961
Sample3,4,KF,Batch1,Sample,7168418,5687134,4540505,2924022,889398,160453,5791180,656415,597314,69339,659121,739184,1410463,2864986,1530868,839435,389519,230230,305084,8918759,3251507,1319640,5101551.333,1202035,3244651,1951402,6478226,3744900,1059485,1026023,403028,7767183,7161632,362924,3053994,2873241,1043706,,128036,425827,1145873,164964,,3248070,824140,,1602319,,3871202,362580,8089276,541236,1210559,,,,113639,1491024,4570628,3111848,19197939,369747,344147,,110201,516577,499795,256219,554297,466586,136094,2241373,,,99440,902984,1286278,1703358,4615511,,571270,,9644836,2120274,41349,2970698,1076395,1644476,523058,2421242,23427108
Sample30,35,KF,Batch2,Sample,8259246,6882441,4715608,3453893,1145743,1121498,11175890,866363,561349,74583,2738423,834107,1197854,1383976,806674,930683,232006,194094,176415,8670186,2703798,856628,5967574.333,937188,5494237,2718704,5318592,5668415,1210379,1547783,1713300,6603660,4483927,974065,5968602,9266406,2297486,7216265,412763,314809,,106736,,4258987,1948263,2283714,738721,178144,4235133,139664,3688276,693567,1482151,672616,384207,94267,145674,1221730,4266281,1496591,1684276,960031,483303,1714097,128495,648507,504740,,1249603,614206,177234,2862685,180409,1438826,105949,3940353,1485164,2127502,40824205,598222,,112223,9284573,1255430,73943,2145308,1793234,,1134404,849315,20442096
Sample34,41,KF,Batch3,Sample,8150960,6071759,5535880,4492465,1008848,561340,4892664,1178651,759998,75927,2729789,908153,1259352,1547603,871235,914772,178787,317353,94417,5656357,4685763,1249647,5633100.333,1555021,5520787,3640200,6668391,4351772,661274,3392607,2106764,8851458,8440287,731031,5252646,7516500,3251534,9254414,221075,409357,1079002,125156,,4146997,1144316,3360006,2098688,,4099786,262482,7612219,1246100,798401,601330,333823,,134759,1365519,6690415,1469440,5169676,645262,407424,,,426458,,258188,836041,308414,132851,3266531,227419,1712026,99815,4124456,1480572,1870407,33599172,,,,8944418,2645704,48035,2216956,1227806,1641325,1567467,6847769,47404537
Sample37,45,KF,Batch3,Sample,6616736,4122845,5184856,6581693,2652760,3069653,10296752,1579526,1347491,145107,1905276,943638,968494,1713109,497286,1091393,229393,297530,90323,5462882,4836498,1434017,4840763.333,1021885,5712078,3038680,4922578,2883187,610556,1533383,1835703,7324013,4770204,1139718,3394592,4202243,1027488,7871904,282674,391196,689522,147093,183128,2371840,581879,2247621,7782058,93934,3543478,124886,3533536,831113,1190179,423935,189648,64094,106757,962878,6434417,448064,566159,707465,210920,,168728,422243,417220,127451,,1023690,116267,10539258,218397,,112310,6211666,1704672,2377642,35260980,512291,,,6676958,2658139,48718,2754204,451108,,1534281,494304,28374422
Sample40,48,KF,Batch3,Sample,11684823,5888043,4949480,3969477,607207,681698,9410527,1338025,973618,66818,1964757,547298,1137752,1121133,727456,500929,313723,254569,305694,7178224,4328421,1204416,5072702.333,989488,4177733,2563290,5122626,5034690,943825,2820184,1573119,4587207,3818083,800944,4635050,6623602,1246687,5462673,,291370,,115179,,3764680,1354599,1579281,4542014,65420,1707511,82455,5864136,1264757,574403,464541,,,124116,1249062,4483738,1387141,600022,449591,324300,,181552,394485,445993,188369,740177,491638,124532,1450356,,1480097,142509,4125421,2117678,1019982,24227372,,,128296,7756634,1589064,62800,1664482,3440864,1825050,1118024,282870,31540619
Sample42,72,KF,Batch3,Sample,5968072,4915176,4883621,3477779,1533330,1580094,9037122,3090899,490093,62209,746942,710131,290772,1318384,834495,1078943,511831,604557,645845,8687535,5328035,1315477,5599590.333,1303597,3351030,1581893,6237482,2881162,1085572,2558812,1709243,5561617,4979051,812994,1195134,1170351,432291,,,397462,945314,125579,,3710526,833503,,2567991,,5163841,111849,4659565,1753415,1206043,657101,1046495,95330,154699,648868,7194016,1051264,1368913,219753,351647,,531976,438401,562028,171576,481236,1107913,178972,4455027,173840,1772232,105183,4562403,831007,1506590,26425712,,2011650,,8445904,3375100,73148,1952104,821617,2318646,5866533,769445,34862642
Sample45,53,KF,Batch3,Sample,3523480,2155594,3191842,1961862,523002,473507,6448080,630199,550954,16808,297534,253987,597941,661722,367036,278925,151701,96575,70129,4441061,1796456,524146,2564261.333,357535,2500124,1814944,3508529,1665842,705325,1539228,1119801,4726291,3088011,324759,5670597,6051116,1476013,5403261,199467,239344,502163,,,1723300,358149,1303495,919820,75307,2142584,92263,2129110,430332,523356,,,73876,47888,495641,3316856,1898920,853671,284398,241031,2269824,284244,159014,238152,121864,812721,361277,94038,2134691,,955498,,4440505,855570,1301301,25262186,287790,537690,,3257712,1600770,,1771880,252414,1712895,829843,,36300333
Sample46,55,KF,Batch4,Sample,7767974,4583496,4129104,3447129,1170160,1071976,11670114,1326017,667309,49392,1188996,445386,191779,1057096,444563,409889,265842,409575,232488,9126045,3671380,1313681,6696900.333,1016305,3264406,2686857,6002777,3444741,938502,1370160,1143894,4495007,2110979,587097,6115017,8515715,2334657,8442872,,339532,400270,193979,172920,2851285,424975,1899328,3260600,,4048991,90684,3277069,1354340,,413270,285343,108045,140293,490230,4540749,356455,,528278,,,236104,404089,230561,251752,358419,675281,152673,4969244,,1741872,136545,6938246,2092348,795874,35586610,,643523,,7666099,2773740,77742,,472050,,916017,342457,36179130
Sample5,6,KF,Batch1,Sample,9526881,7768583,5273613,5227978,1591846,219716,8940918,1153451,1841846,140672,1548019,1410818,2335099,3691671,715784,1115341,392282,524729,327249,4664577,6402061,2001322,6477033.333,1528973,4605149,3267485,1637168,4362141,854533,3825902,2185887,6910147,5231037,877757,5374658,3524901,4440173,11018665,388810,603678,737401,264673,,3081814,398567,2624015,10002405,169950,4319857,340408,6764271,1637676,1869683,596148,254615,,130745,1582201,8546269,676616,318742,622148,,,276177,906571,570691,215883,817889,584606,184708,5395752,124224,1336413,113951,7960879,3231269,3314749,14238773,375459,,,10099442,4062890,63004,3152302,1115830,2359614,3079456,314158,18848947
Sample51,62,KF,Batch4,Sample,8883493,5712295,5321957,3306461,959896,1115847,12069272,1823000,1292167,41578,898419,700580,732093,1527183,281982,821648,575690,264677,143637,7882709,3215431,1014570,5064401.333,1244973,4392906,2604865,5354100,3968785,624211,3414615,2144969,5997106,4182295,588750,3539026,3890750,2079156,6608535,234828,457477,811811,185488,118528,3125633,323230,,3060297,113539,4356902,97731,5180029,1368453,918002,592031,599369,62785,153686,667431,7150089,1207166,,485506,,,220532,463347,266222,,1155782,658777,134343,3128529,,1795261,90054,4572694,2451394,1677323,29332680,,1605643,160918,8876026,5090431,100013,2527647,863947,1982363,1308196,1739457,18973908
Sample54,65,KF,Batch4,Sample,7111722,4296012,6670542,4780335,881593,675895,8402010,1985845,1742650,76710,2419511,723150,1093786,2384505,933789,1107861,397354,342034,80971,2640674,2721817,1022116,5129051.333,1433291,4078744,3273132,3760247,4306256,802225,5936434,3440613,9278792,6599595,1721585,4698381,6125778,3097760,8670486,326157,557502,1226702,195419,,3087009,491552,2491719,2742566,117005,4584404,144734,3762633,1388165,,551141,598665,62474,103533,562762,6140886,1364736,1268898,635263,506202,,155606,485724,,,,1389058,224171,2340231,,2271700,,3006084,1989920,1713261,35645250,562484,1625957,,8030705,5212226,91841,2468941,977595,3973737,1124935,8799026,33359353
Sample58,73,KF,Batch4,Sample,5534724,3732596,3004961,2763662,698055,546298,6003245,619524,219969,39611,934916,486760,276070,777629,420309,343136,346128,259920,274794,6762213,2576444,750034,4021524.333,991956,6766952,2097159,5921182,4403694,618584,2289291,1617668,7009996,5923311,407853,1805532,1602033,783753,,248887,540403,558974,140886,,3564951,1563444,192962,1222967,90556,4354529,153272,4493653,1458026,1183525,547158,647669,72742,109376,503614,3710699,748844,2583574,263493,335274,,243416,398583,193891,153286,,681090,211934,3235311,114416,1379829,,3339813,2482600,647759,27306454,,,152374,6857429,3500631,203756,,677260,,1265419,1223221,37082544
Sample60,75,KF,Batch4,Sample,6739191,5359818,3296532,3606018,413272,32059,6305951,939761,701308,50995,952184,774786,396807,1558935,649372,502374,367864,361700,283714,9029338,3174812,1090056,6064359.333,1272833,3597435,3292550,6450861,4212882,779417,2511769,645680,5662029,5487745,1411472,6227385,5800622,960345,,,618810,1182119,280351,,3828427,469522,,,190492,5046417,196671,6370380,1438462,1737066,708506,,,180303,1295973,4390327,1645712,,606998,,,159980,349750,471725,465875,776321,205965,304489,1111631,,,,5407875,4886649,1058828,24085572,,,,9301452,5166456,105033,1561084,1179137,2793431,7075233,191427,50313531
Sample8,10,KF,Batch1,Sample,3176454,2522158,3239675,1963230,650618,614152,8467840,799915,687751,27377,1195415,437589,745266,1220833,322843,290909,237863,118301,141907,5831422,2555081,714387,3492988.333,675184,2715489,1842255,1333732,2791138,744955,2008395,1634562,15837145,7271356,474532,5093851,7033509,1800919,4984794,191587,283078,948486,76536,,2557909,943721,1193905,919454,72453,2248557,79803,2998230,401208,919673,256093,296073,99313,61046,675605,3804457,2344687,7951520,780239,408912,,,269151,267558,169741,423518,337904,106204,2181044,,671961,,5668022,1260591,1379992,13145910,,,188594,,2229997,,1494951,490522,1910487,1508860,3147492,12636603
Sample1,2,NORMAL,Batch1,Sample,5264891,2620173,4188973,3753920,1432195,1032338,7144285,698199,521700,34846,917961,405657,629861,2920872,1953178,1382405,145657,296101,299081,9538678,3418646,1737011,4920046.333,591169,230533,220718,1544009,275593,64903,528393,277322,2615515,1005010,30309,597567,451463.5,216145.5,1288715.5,,235194,4737239,23544.5,170433,306096,71616,96481,2623587,13096,2491942,228922,5082731,1113621,1015151,,192585,77512,79676,825835,2587551,,1016678,,48862.5,349684,203895,319720,274269,,88687.5,843083,75277,4295438,133379,,119133,,134108,1724493,24891581,772653,167505,,6598261,,,750822,,163540.5,,95713.5,29354754
Sample10,12,NORMAL,Batch1,Sample,7535407,4453950,5441574,3706934,1110910,567155,7240441,1480736,853608,145313,1091862,590381,1645978,2716959,2540978,1950463,242678,232644,295519,6855766,2739972,901738,3825706.333,1055233,363439,235491,1477110,287624,87311,798286,561519,3881217,4004343,107676,597567,451463.5,216145.5,1288715.5,,338375,4781532,23544.5,112465,388716,71616,96481,2548255,13096,3520839,85479,5907535,746576,1363572,399721,376719,79155,93172,966072,4469596,147310,,,48862.5,450964,223203,407932,333063,,88687.5,852346,102853,2723914,126888,,84970,104716,134108,2387395,7549833,740656,426375,117393,7546222,217887,46375,1698142,127589,163540.5,,95713.5,16339185
Sample13,16,NORMAL,Batch1,Sample,7177410,5230285,5172682,4817938,1322989,1463981,6728251,765513,790755,103919,931478,624410,1485454,2098284,1335875,2511187,263339,274657,190996,7282328,2433958,752908,4646740.333,946154,253320,181644,1047675,188203,492554,721532,582979,2345836,3208479,30309,597567,451463.5,216145.5,1288715.5,,391556,6751227,23544.5,932878,257790,71616,96481,2121839,13096,3526052,,6243000,747031,1287447,488380,496303,138697,104494,1272555,3305629,,1297809,,48862.5,397806,223647,566051,,,88687.5,474347,137998,2269521,237767,,95824,168178,134108,1342655,4503975,512058,530084,208892,7878283,254224,57932,2741227,105920,163540.5,,95713.5,14318714
Sample17,20,NORMAL,Batch2,Sample,11229604,7249441,8273177,5417402,1084722,1093967,10801675,1982771,930337,108372,1175089,944562,1967556,3072850,2888843,3352455,371661,449204,649465,12487845,6025801,1602443,7780268.333,1259516,333300,290938,1580594,465320,135972,883335,277322,4144379,5789676,106564,597567,451463.5,216145.5,1288715.5,,461806,6832987,23544.5,947535,428999,71616,96481,5271711,13096,,95115,4710577,1041014,,678891,980879,230500,187061,1587709,4386513,,1126109,,48862.5,320225,253303,656724,528521,,88687.5,895128,212762,4759478,372085,1526722,144518,160168,134108,1755405,37204031,1629092,444067,308055,12880167,365305,121599,3215169,,163540.5,,95713.5,65876987
Sample18,21,NORMAL,Batch2,Sample,13199883,7793885,8556215,7508405,3152887,2780162,13043456,1741447,1353284,172449,1533790,1119131,2036877,3788832,3968241,4078069,539426,566550,571409,12991462,5051589,1882888,8439213.333,1582190,767285,428198,2629630,680522,174640,1398332,277322,4660949,6324254,153046,597567,451463.5,216145.5,1288715.5,,470485,8639822,23544.5,203267,819230,71616,96481,7345873,13096,,637698,9889179,1269459,2001494,879865,852346,237317,172431,2061107,5829809,,972161,,48862.5,848995,396919,718117,616265,,88687.5,1655901,187271,5654721,406617,2107898,3024894,190213,134108,4288271,53537594,2003122,368571,,15309981,447591,97050,2477753,160398,163540.5,,95713.5,
Sample21,25,NORMAL,Batch2,Sample,13741143,8964266,7245415,8325155,1802272,2176519,13040979,1802170,1355339,186172,1337882,1163441,3037338,3507941,2333172,4375465,555719,605839,601239,13204121,7528930,7469846,8372948.333,1809967,485291,487774,2569635,850526,269374,1512498,1279896,4910543,5974751,178690,597567,451463.5,216145.5,1288715.5,122435,517825,11777044,23544.5,1480026,657636,71616,96481,8805285,13096,6087664,75030,9001587,1429429,,706256,699188,238769,217957,1971002,5776983,,3205321,,48862.5,728681,1058376,621299,621677,,88687.5,1260620,219454,6837933,426046,2546297,199133,369955,134108,2658008,33227321,2199595,585235,226263,13994447,196650,116092,2142041,186514,163540.5,166053,95713.5,59641467
Sample24,28,NORMAL,Batch2,Sample,11100074,9096930,12098767,8072378,3411441,3789502,15532118,2153114,1694848,317279,2803206,1772412,5174823,4169968,2849798,6945375,721514,939577,1156044,14050752,3225144,2383357,9707768.333,2053334,1311224,735074,3263734,1049697,342998,1740626,1115405,5725568,5858319,116211,597567,451463.5,216145.5,1288715.5,177977,981036,15940963,23544.5,303126,1173575,71616,96481,9430541,13096,6170423,701930,10640689,1240828,,591001,467568,273038,164029,1817121,9442977,,2675805,,48862.5,1228290,605478,1231702,643904,,88687.5,2091164,341735,6286577,545570,,277178,845146,134108,6218261,9345529,,721869,424366,13606041,239971,190501,3331753,335073,163540.5,,95713.5,
Sample27,32,NORMAL,Batch2,Sample,5950919,3650870,6051366,5397978,1563001,1141537,7592021,718691,356470,41390,859478,513311,937274,1988500,2019240,1608445,217433,255025,284808,7630794,2779287,998782,4822749.333,599385,701309,334965,1757362,394231,103432,698437,312991,2467067,3835179,87022,597567,451463.5,216145.5,1288715.5,,203922,1853589,23544.5,189675,455743,71616,96481,3457734,13096,3598250,117453,3900864,863800,1180313,548356,471729,103650,93821,1015619,3452393,,363601,,48862.5,336936,126938,230029,153143,,88687.5,490187,78743,3187538,210313,1582732,86164,148804,134108,2066391,37731083,630136,415617,,7281610,570760,48098,1695408,57919,163540.5,,95713.5,
Sample31,38,NORMAL,Batch3,Sample,8370556,4682857,4333153,3629385,1291325,1069217,8508830,1093863,643874,67946,911016,513088,1194474,1292292,660778,1674643,294087,221938,284102,8647757,3346896,1273048,5909167.333,1344871,461192,175750,1785643,309632,87982,867856,400413,3531452,3269249,46112,597567,451463.5,216145.5,1288715.5,,268009,5341112,23544.5,139284,364552,71616,96481,5292304,13096,3500908,123379,3304803,1236628,1578850,553820,,162070,137907,1001794,5254680,,541812,,48862.5,287533,201102,623027,,,88687.5,1348992,128915,3367997,261251,1102514,159311,99909,134108,1077752,24364831,1360976,276778,,7216870,296686,,908435,116008,163540.5,,95713.5,18794155
Sample35,42,NORMAL,Batch3,Sample,9289219,5349901,5614165,3855083,886873,779787,9845715,1098655,916486,84700,1562981,612692,1379773,1594124,1061008,2368158,461492,467990,625039,9471375,5368190,1525370,6213215.333,1643067,339024,388346,1727154,489504,83933,908351,360874,3316876,5047756,82528,597567,451463.5,216145.5,1288715.5,,428762,8318971,23544.5,154875,420129,71616,96481,4583288,13096,1779043,278591,5112020,1626797,1605496,536751,521598,250690,119515,1148045,5252997,,1365805,,48862.5,552748,386434,548558,412587,,88687.5,631185,154601,3421443,342971,,122745,119779,134108,2583123,32199259,1221807,336618,300280,8377919,193532,73083,1398034,91700,163540.5,,95713.5,31830609
Sample38,46,NORMAL,Batch3,Sample,6630636,3511260,4507402,3496398,739266,672133,5696738,1410277,448353,50019,1173399,424099,919526,1288531,1920008,1798518,214881,370480,478346,7416774,4829203,1365005,4883054.333,898120,495780,295960,1206624,281646,96567,585818,427657,1966538,3776991,36982,597567,451463.5,216145.5,1288715.5,,279716,6040752,23544.5,719556,360203,71616,96481,3424326,13096,,134740,4309747,838028,1245780,489003,395798,109789,99717,878088,3331386,,399023,,48862.5,423737,177011,347373,333892,,88687.5,869799,123842,3515475,248022,1328649,101759,270694,134108,1461665,27352082,665191,340782,,6215092,423361,39684,1749274,,163540.5,117934,95713.5,34873693
Sample41,50,NORMAL,Batch3,Sample,5829102,3520107,3994277,3459435,1039450,944924,5922199,849517,583799,45842,1032160,443013,1072034,1377647,1883177,1704276,221326,242626,304682,7529249,2730650,956984,4625107.333,965881,506151,236008,1330321,312110,93594,695683,315731,2670296,3115291,45748,597567,451463.5,216145.5,1288715.5,,241384,5770913,23544.5,571734,356086,71616,96481,2558834,13096,2947998,172977,3974913,836953,989682,439458,254719,102022,80331,799329,3262779,,1557492,,48862.5,304699,206444,379215,365350,,88687.5,735385,96250,1468536,,1185757,83002,87229,134108,1485956,29099014,489705,279439,,5973871,199951,41539,1574745,,163540.5,,95713.5,
Sample44,52,NORMAL,Batch3,Sample,5812093,2590690,4013447,4911113,1132765,1176078,6132579,1519896,772454,29542,112471,302277,638001,1105542,911762,1159044,149656,318575,238247,5416748,2974602,682798,3430814.333,438811,254407,216536,1210824,589586,64903,528393,337473,2258347,3679717,73336,597567,451463.5,216145.5,1288715.5,,245108,2384443,23544.5,126222,274577,71616,96481,2494205,13096,3266578,,2804663,673125,1224872,283860,655896,119703,76852,809314,3437474,108787,511342,57934,48862.5,315650,196308,181237,300158,,88687.5,760861,103145,4409824,,1031223,,64194,134108,826121,16226611,583776,437364,,6052253,,,1801502,,163540.5,,95713.5,25505990
Sample48,57,NORMAL,Batch4,Sample,8135767,4711764,4708330,3623855,1221157,1236729,9122423,2499532,1229923,90458,921111,646926,575537,1875244,933876,2279203,351714,233536,343196,7809307,3561934,1045942,4726239.333,1086905,325186,238147,1798300,406148,123584,1008555,832503,2799604,4730268,49860,597567,451463.5,216145.5,1288715.5,,303945,7095723,23544.5,171682,474584,71616,96481,3951258,13096,4558734,286118,4547699,1429284,1301966,601986,651095,296272,106015,1217576,4175682,,200201,,48862.5,315674,300140,397077,527524,,88687.5,1506415,124196,3866893,,,,,134108,1408282,28673546,497059,583919,393089,8901370,143605,82637,1703431,125499,163540.5,,95713.5,47442214
Sample49,58,NORMAL,Batch4,Sample,8045425,4850258,6173122,4427141,1675528,1564552,9607148,1460649,1137044,113339,1325653,753543,696384,1997548,2770028,2156702,309278,340085,349312,7984533,3324337,1148496,5190679.333,1508353,405504,314258,2770320,557055,137612,960801,765431,2487791,3786742,65881,597567,451463.5,216145.5,1288715.5,,308644,9253237,23544.5,222185,616059,71616,96481,3216476,13096,4507794,441130,7879255,1321004,1121802,478207,431920,214610,87833,1152165,5938097,131787,254818,,48862.5,530160,374278,499696,213506,,88687.5,2509767,123974,3744220,,1860063,110206,74239,134108,2215575,20103788,453258,485641,303969,8860911,212674,79678,1620963,106932,163540.5,,95713.5,
Sample53,64,NORMAL,Batch4,Sample,7489198,4624103,5043010,3665387,1186943,1341680,9042852,2340825,873863,68424,1221449,536719,567872,1699375,899179,2658677,449421,301952,395688,7849682,3181870,1164346,4809678.333,1091689,406782,589045,2047875,548523,141330,2456968,1648551,4300147,4449225,87729,597567,451463.5,216145.5,1288715.5,,368827,8145848,23544.5,190511,621178,71616,96481,2363999,13096,2028207,109911,6726835,1908738,1413424,618516,,196322,112155,1287566,4258174,142361,386932,,48862.5,396626,392581,389206,234965,,88687.5,1549034,142759,2611382,,,232759,,134108,1446650,33574436,432923,768680,267914,8941767,178867,68957,1160352,120186,163540.5,,95713.5,
Sample55,66,NORMAL,Batch4,Sample,8372169,4610429,6400286,4558357,1101534,1038972,9224606,1251505,1126321,148049,1221039,686889,903821,1854374,1923537,2282925,454147,385868,390278,8210311,4448885,1095321,5109994.333,1378631,710714,289970,1961491,487888,126174,895406,429190,3843235,4475367,65638,597567,451463.5,216145.5,1288715.5,,354639,8678525,23544.5,193632,474926,71616,96481,2658687,13096,,123794,5883121,1447602,1418368,621816,459552,205772,139421,1107881,4937123,,1372476,,48862.5,545631,240325,443766,,,88687.5,1238560,135415,2938696,,1985182,112338,,134108,2086842,36167584,432417,772369,266885,8033824,334948,77768,2210900,105851,163540.5,,95713.5,39496396
Sample57,69,NORMAL,Batch4,Sample,7505559,5040209,4212552,3702930,891596,1338719,7871911,2433383,782299,67733,1078390,575019,380551,1496096,687559,2595121,328158,349195,346188,8570311,4473426,1040776,5851820.333,1485312,344940,200567,1201264,436055,101180,1443427,1192154,3756761,5027526,163340,597567,451463.5,216145.5,1288715.5,77717,398373,2318205,23544.5,159752,413494,71616,96481,2287561,13096,,,2987761,1464794,1503022,580100,2258842,220939,153937,,3498032,,496787,,48862.5,262418,306175,456249,528779,,88687.5,2714094,165573,4408848,215503,1738900,218988,,134108,1233278,22548096,365735,1015838,307294,8808486,249361,86565,2554815,71776,163540.5,,95713.5,
Sample6,8,NORMAL,Batch1,Sample,8432177,5454589,5315416,4798691,2374856,2184040,7366770,1307876,1077195,172569,1375650,817549,1878234,2576443,1313251,2711719,354121,221760,213612,6894905,3848875,883743,3896662.333,741443,389072,199036,1859138,405085,122771,844216,379353,4211783,5133739,30309,597567,451463.5,216145.5,1288715.5,54510,270034,8120536,23544.5,140048,368568,71616,96481,3309476,13096,3783792,480334,7116610,722844,1736797,479576,900645,81779,96230,1290464,5754774,676616,318742,622148,48862.5,434339,223933,248276,376448,215883,88687.5,1120225,82216,3613238,124224,,113951,95386,134108,3149481,16751696,1010069,561960,,9354730,202154,,518109,1115830,163540.5,3079456,95713.5,13575395
Sample7,9,NORMAL,Batch1,Sample,7354712,5658665,4059704,4016601,1636687,1643871,8286590,1237109,1047986,102982,745311,815328,2049369,2695658,919434,2214395,339092,199435,194991,6613118,2851809,842849,3107279.333,1086131,244863,182594,1851607,321129,64903,950603,897910,4136881,4894943,79627,597567,451463.5,216145.5,1288715.5,,291332,4690272,23544.5,130587,337840,71616,96481,2288988,13096,3714534,,5150315,971988,1641718,569873,481382,135349,103078,1338598,4384341,,3335420,,48862.5,395995,171989,315691,398214,,88687.5,900994,91011,3447697,104964,1191191,61836,,134108,1865244,17660977,895830,567913,223546,9431200,134657,46742,1586520,123635,163540.5,,95713.5,11242247
Pooled1,1,QC,Batch1,QC,5012527,2162034,3577955,3300108,1336565,1067392,7125675,887960,577231,31608,803846,287529,608246,1510669,955331,980405,188708,226506,237264,6462111,3391192,2620464,3989772,541030,1523954,823780,4101557,3414771,9426942,1290994,212857,2026584,1270738,277917,1445289,1033442,4152694,5096129,85941,217314,2066687,,109734,1140673,177468,366129,3216147,42266,2986819,115265,3438431,552282,1577931,461580,848007,77979,67460,805317,3527766,671513,1315633,178340,121847,846578,142850,233608,280064,70205,188454,586684,74041,3270631,80470,736196,61940,889613,318111,1143354,22104544,815646,731135,101345,6229524,1018879,36164,1294981,201164,751250,714562,593857,13865367
Pooled10,49,QC,Batch3,QC,7644614,5769784,5147672,4477099,1559469,1736410,9140125,1569908,1253400,99396,1795908,805861,1550236,1658019,622836,2171329,350485,372858,295494,6211223,2949464,1105704,4592170,1045063,2379964,1309119,4148491,1928910,2664605,785780,318842,2853020,2119937,387312,2126381,1547381,5103165,4406582,110170,408762,4971718,,197184,1833017,490496,630667,3979924,55414,4158966,255328,5869904,1575908,1116266,690587,233695,63625,116344,1326935,5548466,754097,2438168,164032,147187,1211793,283048,285251,492956,292835,396844,1216441,174367,4141587,219983,1365850,94510,2555705,452609,2077922,49575556,509590,1010487,108300,8652015,1318415,83153,2388795,522456,982456,993813,1143790,27025661
Pooled11,54,QC,Batch4,QC,9442045,3561444,5817441,3558158,1121398,908390,9973684,1031390,698914,65799,620816,472070,491868,929835,382370,864883,246959,250213,218130,6558219,2632445,1063051,3584291,708235,2225834,998195,4666801,2320028,5205401,866561,373146,2348339,1720645,331320,2720172,1508463,4886812,2577431,123426,220318,3875513,72512,211589,1400986,310775,469739,3881300,26192,3542006,122403,4347361,1955358,879695,528789,257253,195343,81366,871638,3764463,457561,2631501,95286,120685,666927,208901,216111,386747,84725,202410,1026222,74857,4194837,90849,1010436,94510,1229293,460295,1006205,61706680,692973,529616,185135,8133357,1711175,65883,1233923,298879,894391,830202,740563,34374960
Pooled12,60,QC,Batch4,QC,7927896,4564185,6619049,4077667,1193402,960957,10594232,2190493,820014,107784,1109055,622049,697774,1367630,432437,1208745,398648,353122,317151,8279117,3943573,1267648,5425532,1344739,2433775,1612734,4860214,2868733,4681442,702779,447569,2797026,2450197,380643,3153633,1930022,6087631,5967448,128011,392134,5145183,93010,200725,1816530,418562,581630,4277095,53769,4397599,161856,5545730,2282460,1007888,563700,417625,147104,129042,871596,5085344,722538,2371007,112930,154512,1003610,299023,448392,445307,105017,233376,1342560,138843,4717641,164009,1269036,88569,1753767,699103,1290052,62917834,802629,879930,200194,8161461,1835056,87680,1709989,378318,1401095,1022319,962107,36938801
Pooled13,61,QC,Batch4,QC,9411759,4955023,6431500,4457484,1330953,1067749,10021956,2200304,452822,58732,1330053,660745,741475,1667276,535469,1764402,411691,367065,330068,8199272,3480917,1129003,5008993,1258711,1771153,1240906,4484840,2472676,4208390,745905,443096,2954733,2005399,320422,3264584,2054109,5933506,5074368,138570,386812,5142944,80926,185152,1909810,419557,656169,4688327,43564,4370068,201279,5997569,2150210,1105663,661537,505584,129866,116535,503859,5227879,748531,1654386,120616,167367,1058003,285119,372055,230544,67791,309886,2027365,139130,4544639,172016,1386731,89260,1944079,653603,1515076,59461047,494246,1074345,207894,7242508,1703218,100706,1839097,458068,1489295,1009198,1022917,34140208
Pooled14,67,QC,Batch4,QC,8479297,4609494,5870098,4394568,1515486,1406532,9852908,1571493,1117270,93258,1415463,621307,646513,1598699,562277,1845527,384216,403741,324764,8068495,3149916,1125726,5330391,1352271,2458294,1244330,4324438,2327794,3997126,609404,342151,2933932,1976167,337979,3350563,2099197,5991945,5440826,134251,402626,5063872,58270,204566,1917059,418405,629164,4655415,64377,4596223,226175,6136718,2097064,1040455,697106,771992,131727,120455,1119702,5215423,759614,2339382,368312,171485,1123886,305674,345064,484775,125801,268532,1434963,144491,4552630,160224,1463169,112768,2109858,545884,1616128,57452527,343661,1242088,200366,7956389,1818940,110275,1832579,514822,1239446,1102881,1105153,32576420
Pooled15,70,QC,Batch4,QC,7022457,3441745,5078572,4300652,1129926,905954,10011535,665093,358881,101943,444675,464789,274420,1160824,377318,899055,281516,381089,269574,7451224,4424474,1063539,4841776,634026,1838402,1139503,4633539,2607544,4405803,908544,439389,2834653,1781411,316641,2873228,1791732,5575353,9117545,81427,347985,4789873,47089,213086,1701382,355366,562065,3995314,43804,4765245,148311,4001109,2108429,674770,577289,360233,151343,114034,382337,4610369,412291,1581060,158772,143809,953254,496231,301642,207339,104489,302443,1214349,99778,4537869,110715,1346732,37318,1738135,431850,1050187,63196178,297688,1065247,115314,5750213,1973860,83965,1647057,364791,1084039,969476,842571,34240528
Pooled2,7,QC,Batch1,QC,4211705,1983889,3046425,3424287,985502,731260,6343146,777963,524110,28234,665243,261423,543961,1287216,741627,935432,157819,217144,207139,5443310,2455017,738132,3619648,549422,1349719,696032,3576777,2820882,5383092,3431026,228205,1893541,1075747,250671,1306027,902927,3655485,4212150,81427,185690,2993465,,95918,1030945,153621,308822,2532907,29050,2932088,110338,3136206,474907,1335754,412714,210577,70442,64395,684763,3247974,672454,1651948,194139,97725,691200,124730,203045,240595,66475,186804,524836,67102,2489016,87729,864346,58280,863457,287771,1039833,37686314,610848,618476,121238,5533855,833174,33253,1168214,191970,770328,685307,537062,12472050
Pooled3,13,QC,Batch2,QC,15515230,10556563,10516351,7638442,2562711,2040823,16425621,1794025,1443163,272069,2366488,1409135,3160292,3560817,1404952,3191297,727027,541016,446704,12376802,5851530,1637610,7279017,1050934,3455448,2005828,7285776,4756814,7913815,2389664,616791,4372848,2803731,502981,3916551,2293850,7731121,5472445,256978,1011304,7166930,95460,265275,2524675,690708,979138,6634401,82820,5724912,328347,7898793,1917840,2654812,1029466,672962,189021,213566,2081380,7847030,1499104,1736788,349263,263469,1561231,395597,385711,386133,157712,462331,1664805,826141,6980570,314210,1969476,129612,2825963,757342,3473717,84613113,2900343,838004,229460,15952300,2305555,128629,2676809,714911,1458589,1792478,1376945,42391341
Pooled4,18,QC,Batch2,QC,5160942,2115598,3925246,4071771,1267372,1071131,8255690,1221660,438293,25292,674195,293199,875019,1708885,1320317,786995,151021,209142,289946,5821206,2504338,813024,4456637,540373,1500674,795244,4166643,2848381,5188884,1402292,196010,1877244,859640,356201,1427258,995054,3398617,4065152,91221,364456,3089728,,125335,1132067,143232,371001,3320205,33318,5769861,93632,1971307,716917,1428571,406141,134648,110468,85291,703249,2697733,519570,2040738,105413,104734,696046,155418,238852,261343,80911,177375,612095,342415,4143205,170646,1140588,151597,637194,268216,1535991,57359745,936941,490217,106696,5213566,970317,40467,1236983,106883,953135,677357,350592,60523125
Pooled5,24,QC,Batch2,QC,11142681,8575229,7465922,6187536,2733419,2630304,13856011,1803620,1401491,146527,2039323,1203014,2689767,2810260,1433296,3651576,649617,527449,21297,26898,5887592,1683699,7087195,1359693,3022992,1650097,5921049,3881533,6728156,2067668,501866,3994172,2558456,484777,3723437,2296141,6842345,5526588,135495,1175707,6402936,87018,257155,2277321,603617,880107,6678856,115158,5769861,384867,7934104,1516496,2212713,1020359,558693,145431,217272,2023593,4710801,1229710,1957442,262375,253805,1670885,377616,510928,710479,174216,443835,1216803,845578,5981230,291671,1854037,173841,2973203,641616,3449296,69467923,1574989,1053050,187667,13636596,2227796,136540,2427923,800521,1872271,1679972,1144224,20238410
Pooled6,30,QC,Batch2,QC,11075211,8535614,7309949,6321973,1884294,1600374,12789062,1622598,1342271,179546,2144438,1184834,2435479,2905593,1380900,3596808,617274,540003,427209,10624608,3989902,1654063,7478999,1280899,2813234,1640950,5650159,3606964,5914125,1849885,668899,3810919,2646356,705683,3350131,2213009,6541246,5331239,205634,1122041,6277282,,230059,2194638,623175,859215,5365234,116948,5672661,411406,7831274,1403226,2014933,1128006,923427,139337,240947,1718859,4646579,1026974,2787368,338923,242073,2183596,394669,707640,675225,136469,561124,1497856,866249,5509371,320559,1569926,173841,2946075,671090,3242372,73568123,1000030,1364078,185941,11375956,1862148,144123,2279841,841166,1413421,1606409,1466787,19148788
Pooled7,36,QC,Batch3,QC,9474642,5445133,6606970,4476246,1679178,1686368,10532243,1398256,1050711,79412,1509197,747652,1574230,1700422,496932,1812155,377038,324305,270428,8146949,4479188,1133767,4763846,880006,2511084,1257006,4751076,2382583,3689192,784933,426767,2708480,2024799,339572,2002683,1427793,5321547,5124361,89014,303874,5168924,,220878,1826496,373652,580343,4394651,206325,3946819,189269,5699751,1891866,1195864,552686,354433,71293,115902,1228910,5493103,832667,2013797,276211,161039,1311021,238627,318916,439699,60222,328688,1197081,111091,4957814,175458,1159736,75250,1802642,519132,1787564,54780409,1572159,518581,129769,9235895,1482132,72742,2394447,369079,1225088,959583,927015,30463516
Pooled8,37,QC,Batch3,QC,9411195,6061866,6309813,4582079,1858700,1927227,9881860,1667622,1389128,126247,1871971,828404,1937956,1766538,677753,2450539,444806,365763,320131,7286147,3317424,1204181,5220483,1262540,2457434,1289105,4425757,2174890,3278794,664121,407635,2280363,1599440,508644,2069423,1524393,5303660,4894502,110632,336520,4937304,,205160,1905742,450281,619996,4949354,50870,4070165,249915,6052837,1586146,1321382,627825,731854,68730,124656,1293506,5733258,881641,1964928,227239,161537,1278627,262305,389498,538048,112292,345128,1253313,123799,3909875,228661,1932961,97077,2239524,555136,2198950,51868561,1085285,940027,127721,8473464,1415457,78284,2490559,494265,1521018,995097,885494,30082097
Pooled9,43,QC,Batch3,QC,8821850,5853375,5966975,4664969,1765384,1950158,9532729,1577000,1319600,142359,1953499,804431,1938378,1713032,674278,2576527,529479,349989,298580,7356643,3137843,1123375,4732001,1200171,2391626,1204872,4249505,2022587,3059167,768447,428490,2847795,1879985,357758,2031513,1478965,5015120,4048095,95101,331158,4618382,,209329,1818047,418957,585364,4133921,61360,4124997,252371,6088133,1465503,1223838,673188,645846,65474,127472,1337425,5444910,867315,1577876,211011,172205,1268391,254167,331071,494098,94018,363645,1753718,133467,4311777,200163,1853925,96871,2290280,509982,2210216,51414906,733545,941318,110377,8943710,1453189,72091,2369637,502823,1446868,1073028,1079459,28716342