SampID,Samples,Tissue,Cer (d34:1),Cer (d38:1),Cer (d39:1),Cer (d40:1),Cer (d40:2),Cer (d41:1),FA (18:1),PC (32:1),PC (36:3),PC (36:4) B,PC (38:4),PE (34:1)  B,PE (36:2)  B,PE (38:4)  B,PI (38:4),plasmenyl-PC (34:2),plasmenyl-PC (36:4),plasmenyl-PE (36:2),plasmenyl-PE (36:4),plasmenyl-PE (38:4),SM (d34:1),SM (d36:1),SM (d42:1),SM (d42:2)
1,SAT_1,SAT,22133.497,2850.2323,948.6685,18780.9947,5433.4137,7765.7038,5785.3869,2315.1983,1645.4107,2853.493,1500.0333,1511.7196,1268.0005,2958.0524,5830.0507,3121.2904,2896.8817,1518.0106,8926.1815,5357.0375,11177.0074,1583.8462,796.7859,2048.5933
10,SAT_10,SAT,24233.2327,2866.322,1437.8282,25738.9192,5862.7891,11934.6885,7249.3477,3960.7804,1997.7581,3567.5875,1682.4603,1620.6534,2395.2598,4274.9973,7698.3869,2813.5553,2300.1587,3634.9703,7968.2479,9677.7233,10762.2203,1369.4633,1200.8539,2258.8189
11,SAT_11,SAT,36553.5241,2224.1779,1375.4729,37279.5278,4904.2026,15426.9958,3853.6042,3300.5763,8655.8948,10573.2572,6797.6458,2724.9339,6192.1047,9887.3886,12057.2091,3528.1987,2106.2732,15037.6858,12845.1831,18137.6935,36824.2082,3252.2004,4122.8305,6390.8132
12,SAT_12,SAT,26865.735,4890.1341,1962.884,38544.9325,10597.6518,14970.9331,11865.8553,2328.7743,2193.6197,4328.1657,2559.4995,1842.9915,2910.9544,4889.004,12633.7307,5527.5813,3713.8092,4861.6559,11735.9849,10426.4402,14725.9557,2059.4571,1994.2813,2969.4021
13,SAT_13,SAT,20594.4905,2587.6029,1232.6704,64591.2879,6362.5614,8055.769,7825.4218,4673.812,1795.8564,6699.8155,2442.3364,1536.3186,2034.931,5509.6779,8727.2172,3239.6712,5931.3854,1568.5238,13027.144,8569.4731,11254.11,1469.1943,1665.3341,2557.5092
16,SAT_16,SAT,28265.4729,2957.0918,1706.8281,43739.2648,6666.0499,11405.5668,5495.4823,2713.1899,1916.3867,5977.1932,2815.6176,1569.5497,1675.4348,4294.5369,8805.6341,3271.4525,5568.9708,1942.5035,12876.6233,11820.5181,12138.9706,1548.7392,1726.4036,2854.164
17,SAT_17,SAT,20982.1563,3228.9966,1713.7521,28212.8872,9580.3908,12503.5392,1938.1384,3161.1562,2313.9702,3910.7148,1681.8593,2201.0273,2575.6001,4944.8572,6979.3671,4570.0534,3556.192,3050.0045,11307.0818,7360.7208,9465.5025,1568.1982,1144.7966,1536.3713
18,SAT_18,SAT,16393.6537,2688.0611,999.7876,20033.9678,7962.9392,6712.9361,6061.0739,1841.7378,1311.4517,3335.7522,1649.3432,1006.5442,1563.0727,3228.5565,5755.5256,1517.6417,4500.4374,1163.8146,10970.3269,7121.6544,6526.0147,1034.7403,822.7995,1250.4335
19,SAT_19,SAT,22547.7498,2477.5777,945.35,69500.1631,5718.4567,5169.2673,15034.5265,6510.8673,2338.0399,7305.8513,2679.8223,2002.3485,2177.3578,5179.4593,9757.4114,2498.0065,7919.8209,1363.8344,15236.9562,7483.3372,13592.7734,1786.7211,1967.2927,3846.2039
2,SAT_2,SAT,24879.1214,5168.8952,2007.7642,33719.8461,9807.745,13315.2439,5662.2082,3476.085,1640.195,2206.7365,977.1168,2371.7694,1833.3336,2405.301,5610.8794,2105.9046,2110.2904,1642.9308,8299.2999,5890.7905,8267.2894,1006.8949,900.2936,1909.6136
20,SAT_20,SAT,36792.2061,4330.2014,1730.9142,31127.2444,9169.3801,12190.3884,13496.3228,2854.0365,2688.8596,4527.4304,2831.1323,1547.5288,2665.2507,4342.7522,9591.2301,5893.6122,4902.3972,5169.5295,14385.712,12107.2684,15871.3007,2826.0858,1400.9418,2725.7789
21,SAT_21,SAT,23273.3384,3473.1983,1621.8243,34294.5404,6197.5709,10629.09,8671.7048,2293.9525,1849.1867,4292.7943,2389.8765,1242.0525,1927.1658,4373.2775,9511.444,4423.3712,4446.4647,3651.6237,9889.9959,10210.4307,13338.8718,2078.8154,1334.5896,2140.1253
23,SAT_23,SAT,45516.4926,4027.9187,1782.2001,42546.0717,9122.2725,13293.1328,10151.5198,4825.1452,3968.8078,7185.112,2683.1657,3000.6035,2986.4066,5121.5908,6805.4145,6821.6525,7809.6117,4037.5366,18166.4941,13130.2087,22457.489,2978.1748,1631.4489,4292.4486
24,SAT_24,SAT,24103.8148,3672.6996,915.6035,25751.5574,8312.5198,7975.1166,8050.5114,2365.5604,1279.5526,2457.1193,1223.6974,817.8995,1106.8627,3211.1197,4962.8154,1628.7606,1918.2914,1932.9703,5852.5288,6276.5005,5588.5479,1020.4686,911.9108,969.6593
25,SAT_25,SAT,24162.7014,2506.4647,1617.2564,49005.0779,8667.529,8919.5081,13443.545,5032.7577,2440.5713,4194.6557,1466.2004,2725.5222,2191.3451,4176.3052,12389.242,3702.0954,3785.8577,3029.5206,11893.0645,8916.2231,12757.5022,1410.5397,1134.6757,2334.1881
26,SAT_26,SAT,15555.7236,2716.6279,956.3942,20657.05,6434.7706,5012.4552,6470.3468,1179.8849,1383.1484,2256.6968,1252.0711,1109.7727,1087.6155,2054.5304,4294.171,2262.3011,2749.6294,1304.8574,6816.288,5838.4682,6972.5267,956.0757,826.5015,1526.5688
27,SAT_27,SAT,22194.6361,4234.5164,1657.9912,35558.2175,5312.978,11438.8517,16479.1301,2388.8192,2292.4881,3020.7381,1937.2015,1339.0795,2101.1179,3063.0505,7673.7286,3601.5002,1644.5295,3750.0005,8950.7657,5735.8915,9683.7536,1126.5627,1420.629,1706.2956
29,SAT_29,SAT,27486.4389,3776.1292,1837.4951,37728.9081,6650.0127,16272.9934,14347.2628,4426.2695,3635.3649,4783.6956,2487.18,2074.3232,2737.4671,5937.9409,9391.5246,3552.5198,2556.7326,4186.4685,12376.7137,9235.1159,15883.6163,2376.4972,1931.7976,3073.3499
3,SAT_3,SAT,17509.9639,2056.0808,942.6272,15677.8312,5158.9009,6505.6367,7325.6967,3880.253,1618.4962,4645.6182,2234.581,1662.9937,1619.377,4134.4046,4813.5907,2588.9691,3125.3145,1468.2445,9697.2245,6471.0946,9110.4965,1013.0231,1402.6113,2171.8434
30,SAT_30,SAT,23723.5552,3686.2933,1663.7354,43825.4701,7268.2099,13716.3341,6524.0024,4185.245,2616.5105,3577.0749,2663.2328,1250.029,2185.8638,4283.9894,8469.4625,3973.5669,2715.8377,3279.3518,11208.1335,6350.5435,18158.9447,2473.6057,1516.3063,3019.8714
31,SAT_31,SAT,35482.6433,4478.8591,1582.1247,50059.908,6112.6784,12354.0637,26964.8681,6977.6509,3771.8163,5910.2775,2795.5167,2524.0885,2886.7702,5024.0426,9804.4472,4043.5074,5271.7878,1790.7186,14944.4345,9833.258,17597.3927,2012.0407,2352.6227,4169.8325
32,SAT_32,SAT,21059.8717,3578.2024,1162.2255,31422.3986,6415.1595,11659.5791,1770.0602,2639.0032,5316.2142,7324.84,4957.6246,2261.2109,3185.3225,6294.8605,11110.3599,2461.7778,2043.8198,5317.5391,12141.2556,13357.048,14556.0212,3272.8781,2931.09,4580.9147
33,SAT_33,SAT,24823.2095,3829.3845,1392.286,27003.918,9913.3403,10489.4504,6231.9964,2144.7544,2562.3378,2962.1355,1483.5749,1539.3841,2967.9594,3284.4218,8669.9658,6636.6932,2950.7209,4494.9159,10397.2035,6538.8378,11497.9417,1801.8363,980.1308,1723.534
35,SAT_35,SAT,21990.9035,2859.8979,1110.1445,24960.6564,4007.8371,7502.2809,22746.2823,3066.4774,2744.2739,3022.9951,1509.0484,1535.2158,1471.563,3045.3596,5896.6105,3857.5866,1831.1326,4444.9868,6524.3903,5283.4243,11550.3592,1348.8226,1386.1335,1898.4233
36,SAT_36,SAT,33986.1603,4669.8128,2730.7393,40234.5025,10276.78,13533.7946,19271.1102,5997.481,2848.2475,6027.5166,2726.2731,2036.1133,1443.9419,4231.8988,9528.4445,4556.7673,7354.0433,1769.0623,16623.3372,9138.0729,20109.3498,2437.9358,1493.3197,3650.3046
4,SAT_4,SAT,34832.8193,4827.2851,1526.5258,52300.759,8721.6336,11341.5374,12074.6742,2316.0636,1976.5495,3236.097,1414.8536,1133.4056,2319.0121,4091.9025,7586.4756,4550.6467,4297.3696,2437.5474,10208.5861,7621.6885,12635.1533,2010.8502,1219.6056,2896.2389
40,SAT_40,SAT,19346.8351,3017.98,1476.9444,29727.6987,4884.3099,12134.6837,8744.144,3643.3507,2371.0078,3822.2542,2239.2094,1554.9043,1884.1912,3215.1282,8164.4621,3402.4101,2309.3232,2965.0822,7991.6865,6249.6693,12352.0787,1928.3897,1776.7524,2768.6292
41,SAT_41,SAT,21549.7537,2500.8268,978.0068,17182.5255,2804.8436,9154.2655,3504.911,3555.2307,4801.926,5418.0496,2441.1403,2424.7515,2488.2494,5231.6576,7277.2756,1420.6148,1223.896,6585.7537,7334.6653,8524.5033,12297.2917,1587.3423,1630.9992,3139.3192
42,SAT_42,SAT,20279.77,2795.2346,1063.4131,24321.6768,5643.2807,10349.3592,15118.672,2376.363,4863.9419,3677.7484,1958.4999,1421.7711,3023.4553,4348.5493,7572.3941,2826.393,948.5827,6576.9874,5240.5382,5671.9563,9942.5446,1380.5533,1359.3162,1658.8683
45,SAT_45,SAT,29922.7934,2738.1614,936.2444,36385.2528,4990.7968,7165.6708,21291.9743,3199.4256,3152.0232,3854.4978,1809.8359,1071.438,1772.2984,3286.9785,6260.9241,2818.4982,4622.2913,1151.7388,12616.6314,7024.0041,11547.5482,1289.7781,1111.0662,2745.9314
46,SAT_46,SAT,29194.6867,3651.7391,1854.4098,44203.6692,4718.9832,14365.4714,10335.8313,4332.7708,3340.606,5787.8423,2434.9771,2278.9781,2385.2551,3997.2528,7796.5598,3940.3695,3100.051,4096.6091,10534.5978,10810.9821,20434.9742,2376.3077,2697.7522,4397.2599
47,SAT_47,SAT,29678.4062,4864.443,1853.608,33393.2147,8433.8158,16032.5805,19954.8995,4190.8713,3504.6665,4784.795,2903.7115,1864.581,2523.0105,4539.7011,9425.9992,5714.4399,3167.34,4150.7769,11146.3517,7908.5956,18111.0922,2317.8635,2301.3113,4963.0537
48,SAT_48,SAT,65601.896,5646.0685,1613.8312,30585.5276,5357.2209,16136.5471,5172.3926,6873.0871,9840.2377,16225.3567,6930.932,5083.1785,5281.8038,13243.2087,14124.8253,1771.2051,2445.8137,8527.448,13924.101,17263.3106,25036.107,2943.381,3335.1505,5403.1218
49,SAT_49,SAT,29519.4621,3708.6197,1653.4167,24217.534,5697.0098,11664.2219,4055.6187,5259.1767,4176.1118,11165.9525,5209.5297,2492.8482,2440.0684,6138.5656,8487.3704,3396.1951,3502.1914,3385.9939,13797.4143,11437.1595,18797.4851,3386.4925,2864.9321,5440.062
5,SAT_5,SAT,14471.9712,3967.9726,1818.3221,27151.0884,6537.982,11099.9527,5211.5982,2394.037,1570.8185,2333.7353,1195.1224,1185.55,1718.7187,3134.4424,6219.0969,3240.8449,1976.9074,3048.9422,7637.3576,4852.5534,6635.9111,1464.2177,1147.1178,1763.963
52,SAT_52,SAT,14542.1924,1768.3683,720.8399,13695.776,4364.1024,4995.8307,7167.797,3369.1754,1584.5684,4257.0072,1982.027,1526.0881,1400.564,3234.2092,4363.9465,2242.6819,2469.7129,1400.685,7931.1108,5550.4252,8848.0623,1052.8191,1038.4055,1828.4037
53,SAT_53,SAT,23025.4621,3094.0199,955.6749,33807.5428,6119.3389,7376.5749,9645.5566,1441.9803,1600.4589,1848.3895,992.3156,836.4044,1448.1773,2625.6656,5558.0795,3051.911,2705.7913,1909.3645,7160.5771,5388.3071,8732.4576,1763.721,859.6123,2014.1287
54,SAT_54,SAT,13606.4052,3461.8657,1912.4838,26027.8775,6431.576,9882.0934,6332.0299,2518.3598,1765.4224,2416.4758,1335.8696,1155.1373,1973.5493,3115.6155,6076.2102,3319.3564,1769.6905,3259.3188,7101.1794,4857.2388,7088.6262,1373.2104,1224.3915,1516.2867
55,SAT_55,SAT,21370.7055,2214.3135,1079.2659,41191.4347,4457.9591,6669.2607,4310.5439,4843.8818,3795.7946,8696.3162,2774.3846,2829.6507,2460.0114,7045.2368,10547.7431,3623.358,9749.215,1829.1304,16356.5335,12891.4608,16400.9993,2874.4428,2096.8013,3854.1671
56,SAT_56,SAT,43831.8276,5813.4916,2137.234,53661.1941,7971.6122,23075.7376,3768.33,5747.9087,7585.2747,7607.6115,3819.7647,2575.7451,4088.3636,6090.9133,9134.8467,4393.4015,1687.2769,10022.1929,10421.9664,11212.0886,19749.4369,2474.8971,2569.7146,4559.843
57,SAT_57,SAT,57894.0625,6754.6938,1978.8672,58609.9471,12265.3688,16675.9295,12713.4295,5249.8679,5015.9622,8362.1071,4798.7526,2829.0915,3299.1918,8774.6542,14818.4065,7585.3975,7182.4115,3649.0016,24961.5579,16929.1728,24075.9651,2550.0313,3147.9472,4216.9287
58,SAT_58,SAT,34204.8777,5031.2853,1958.1427,75229.3308,9253.5951,13649.9192,16477.4747,4062.611,4604.4484,5938.0969,3052.21,2154.6565,2844.1887,5190.4149,10686.7417,6288.4993,5753.7043,2297.4951,17747.4858,10761.0554,19140.9772,2418.6687,2181.5973,4247.3042
59,SAT_59,SAT,15656.2894,2201.5039,1215.6261,16124.7235,4588.6095,7825.6025,4862.0268,2874.6317,1443.8086,2670.5681,1253.2699,1038.3679,1522.1455,2800.3513,5520.1268,2093.1858,1772.0851,3042.711,5839.1146,6463.2932,7281.6286,1017.1645,1113.28,1455.706
6,SAT_6,SAT,24395.0959,2634.1217,1030.6963,48781.1509,5245.8187,7039.6023,3582.4419,5046.3664,3642.7945,9282.7177,3094.2953,2732.6701,2833.6266,7678.9546,12451.4697,4051.3887,10120.4962,2075.6657,18959.8198,14538.0685,17785.282,2972.3118,2302.5006,4367.8315
7,SAT_7,SAT,41131.482,5883.4073,2089.3816,54579.5908,6924.8228,21283.243,2605.2149,4840.5613,5792.3628,6329.1775,3562.1864,2187.3047,3451.1369,5630.4485,8309.6908,4182.3953,1488.0423,9280.8933,9214.1878,10782.4804,18726.5903,2417.981,2324.3063,4202.1716
8,SAT_8,SAT,58319.2376,6004.3608,1864.1657,59316.0018,11583.0306,17338.214,9942.6944,4398.5486,3870.8109,7665.265,3668.3564,2660.3644,3488.6181,7744.9623,15037.6368,5471.3932,6001.3947,3760.289,23133.6597,16196.8666,21241.7193,2371.1247,2973.646,3498.7255
9,SAT_9,SAT,29332.5738,4533.1199,1594.0513,64373.4252,6691.2648,11272.7791,11018.6185,3165.5339,3388.5857,4251.0341,2286.7745,1732.6627,2494.0376,4126.6258,8713.2513,4773.7737,3925.7695,1950.7642,13268.9007,8147.5335,14669.3002,1903.2092,1701.594,3040.2264
1,VAT_1,VAT,40113.7912,8948.0589,3047.6199,45016.5282,12199.0038,21535.592,8041.2298,3693.4485,3054.3827,6710.273,2931.3479,2424.5183,2200.3118,4290.4778,11668.3037,3252.5928,4449.9753,2190.5865,13936.0418,9796.3642,13559.7036,2884.4367,1716.3431,3975.7618
10,VAT_10,VAT,48447.2051,6113.2615,2389.9541,36064.359,8718.0331,18838.5268,4948.3598,4533.351,3497.8664,6334.9139,3632.9297,2202.2106,1428.0996,3110.6789,10526.5874,1411.4888,1617.9619,3231.6703,7732.2597,9214.3118,15867.201,2176.9341,2050.7252,4319.9549
11,VAT_11,VAT,45804.4935,3763.026,1284.4233,35965.4825,5472.418,16246.8521,4239.415,3792.725,8805.3321,7653.7325,3984.7191,3300.3454,5142.4234,8328.12,6620.4562,1802.5404,906.6794,10633.2247,9143.9895,12061.6614,20532.969,2064.8344,2627.1003,4345.2107
12,VAT_12,VAT,21406.0309,5632.9833,2065.3956,40833.161,12027.9806,16664.9657,2962.5277,1848.5228,1892.8519,2960.0487,1534.8652,1504.1931,2062.9214,3548.3881,9310.726,2623.79,1449.5014,4437.4898,7909.4368,7243.0949,8299.128,1261.7324,1345.6101,1750.8938
13,VAT_13,VAT,51078.2134,8209.7168,4190.0313,134887.2532,21639.9772,26600.0986,8863.5417,5882.0628,2994.8216,11447.7731,4836.4315,1505.2215,1483.5684,3593.446,16329.3822,3647.3014,5689.8804,1574.0521,11510.2443,9198.4431,14520.9577,1969.2616,1615.3632,3371.0551
16,VAT_16,VAT,41239.681,6368.4805,2903.2604,61466.5654,14146.4744,19521.1634,8437.9639,3586.6347,2955.3948,8728.8068,3666.0021,2153.9117,1978.3427,5699.6659,11084.8144,3167.1909,3775.1038,3737.8264,12820.0873,13747.404,12567.3078,1728.3008,1722.5437,2283.6184
17,VAT_17,VAT,16455.5729,4965.1083,2425.9766,30093.603,10257.7292,16465.528,2492.7101,2668.9402,2450.1406,3206.3719,1661.7489,1386.9155,1753.7738,3090.1014,6079.7948,1876.6343,1463.0609,2699.6831,6325.426,6245.7806,6403.6392,962.5833,1172.7945,1279.7161
18,VAT_18,VAT,29947.6244,7533.4858,1984.6566,39766.0092,14518.0283,13910.7236,8726.1656,3061.3502,2963.4957,5337.2966,2928.199,3087.9488,2186.9925,5809.0558,9355.6583,2273.1111,2368.4264,2564.5009,14270.5535,11156.4768,12387.1799,2075.0754,2898.4929,4351.0793
19,VAT_19,VAT,45719.5472,4587.3893,1865.6946,117808.9879,10924.818,11061.3059,8909.8424,8899.4229,4696.6611,9782.9883,3849.2703,2782.192,2959.9695,5875.6073,13522.5074,3742.3998,6828.9803,1803.289,15783.4135,10465.5933,23130.5538,2105.3933,1909.5545,5298.9173
2,VAT_2,VAT,44451.1628,10160.2015,3550.4992,60377.3691,10218.4686,24253.3196,7441.4068,5906.1799,5165.8896,6538.8472,3110.0405,3594.5293,3789.8365,6902.7823,11723.9176,2019.4476,2170.1284,3258.1505,15728.4162,13311.5833,19094.5932,2719.1552,1796.8117,5590.8073
20,VAT_20,VAT,65178.3374,8402.6151,2271.5836,56025.2496,11646.5923,19798.7523,8288.3612,6902.157,7361.438,13990.2139,8652.1346,3132.0772,2590.0859,6777.6516,18276.0793,3911.9572,4132.4701,3355.7533,18313.8676,16379.6143,36913.0276,6040.3688,4793.9356,10712.6747
21,VAT_21,VAT,51466.5971,12137.7779,4731.9815,80143.5058,19148.4579,33736.0774,12962.86,4650.4747,3915.1479,10656.7791,5563.7645,2487.9981,4161.4137,9916.0003,14567.499,6659.6486,3917.6352,8903.3142,15971.2923,15297.0473,16976.063,3379.2319,1977.1114,3488.5973
23,VAT_23,VAT,43736.0038,3656.6448,1455.6126,43742.2161,4069.3802,13929.0182,3114.5254,2699.2006,4366.9484,10001.896,4233.4164,2146.9814,2416.0951,6080.0588,9068.6376,4103.9712,2836.333,5966.9475,11075.2368,12191.4975,18156.2113,3348.6621,2052.5209,5763.6751
24,VAT_24,VAT,88390.0345,17171.9791,3696.7338,97675.1756,35784.3046,36050.452,7880.2902,7569.9255,5899.2759,10175.5229,5753.8608,3383.0874,4278.4438,11601.6022,22740.2154,6534.7441,3553.1803,11170.8577,21642.7522,25582.2527,28817.7386,4041.7745,3967.318,4736.8599
25,VAT_25,VAT,44793.7663,6191.2659,2549.482,91957.5246,12752.8727,22100.5056,17461.7004,5393.4113,5983.9981,6685.8637,3173.5499,4743.1269,4460.201,6976.9053,21213.3545,4741.0868,1679.917,13162.3647,13950.6378,12177.7313,21303.9917,2962.8062,2132.7296,6133.3099
26,VAT_26,VAT,43992.755,8630.4486,2496.9346,72703.8327,20787.3898,19725.7674,9525.662,2691.3186,2880.9984,5009.3046,2370.1122,1502.8733,2293.6616,3636.6375,9103.0909,3884.347,2723.4872,4568.5153,10159.517,9201.5232,12775.2413,1617.4616,1317.8117,2203.2207
27,VAT_27,VAT,41510.9687,8082.0062,2796.2783,67650.994,11804.1565,20660.7893,21380.3377,5523.8497,4863.4126,6262.3138,3587.2527,2664.8114,3851.7022,6227.3395,13300.7274,4779.5382,1372.643,11098.7646,10587.0969,9391.6693,16934.0765,2110.3699,1821.4204,2716.8029
29,VAT_29,VAT,35387.9891,8089.266,3523.3258,59912.1973,12380.9421,25578.3567,3517.1126,4855.9063,4601.0975,5852.1754,3023.8764,2079.4984,2677.205,5511.6753,11420.2095,3143.0543,1715.7369,5705.3786,11281.0017,9602.8463,14574.736,2564.5579,2681.8408,3996.74
3,VAT_3,VAT,39160.6015,6868.7445,2374.5725,42678.5463,16500.8924,21269.9915,2995.4448,7436.8013,3926.4931,7080.615,3193.1068,3347.7019,2566.0003,7076.3519,8276.3008,3212.5548,2260.9524,4944.7774,12883.0052,11887.8656,15294.8994,1858.7085,1786.2393,2971.5218
30,VAT_30,VAT,53487.1805,7801.4378,3386.2415,63893.7937,12797.7273,21833.559,3780.6406,5580.2586,4296.6934,6407.819,4025.7193,2720.6571,2823.6919,6720.9563,8453.721,2133.4745,1793.6497,3861.1689,14196.0029,12923.7723,16571.8347,2020.5078,2642.1547,4280.2223
31,VAT_31,VAT,54304.1356,8355.0796,1383.1732,41930.1915,4734.8224,15579.1611,16569.5177,8501.7722,4077.3347,7959.5685,3203.1188,3210.9741,1854.2968,3198.8034,14671.9246,3489.2929,3009.4653,2301.53,10421.7924,8501.6631,30301.1844,4318.4891,4728.6102,9952.7722
32,VAT_32,VAT,34707.4063,7299.7829,2505.2233,49370.8728,16347.5764,20739.3172,2298.2879,3497.0562,5405.5594,7285.7295,4229.4732,2727.4474,3466.8851,5245.2778,10774.8782,3114.1654,1641.6567,6292.2438,10396.994,12149.0474,13740.0645,2023.8443,1902.8567,3637.4946
33,VAT_33,VAT,36977.6311,7085.2646,2310.7798,43092.3491,15038.9604,16317.082,20361.822,2652.7697,3851.1722,2870.1163,1853.9224,1331.8561,3218.2376,2657.7429,9566.0471,4559.5675,1616.3974,5351.1752,6564.0243,5582.3012,10613.7998,1874.332,1203.8622,1919.7461
35,VAT_35,VAT,39429.5023,6695.0984,2049.5182,39174.4669,8095.3822,14281.3363,12248.5972,4946.7868,4857.5671,5640.4698,2964.4115,2751.1263,2450.8538,4598.4813,7686.776,2762.1255,1979.5472,5716.5643,11009.5594,10590.2573,14450.6426,2078.0628,1684.5543,3510.8151
36,VAT_36,VAT,41985.6239,11939.0713,6575.2368,65205.1641,19552.4437,34032.8633,20009.9847,6897.1784,4306.9631,9568.2969,4230.5696,3999.4132,2417.6481,6608.1072,12507.0796,4203.0725,4716.6633,3415.1279,17809.2079,13651.9722,24858.5069,4111.7363,3390.5208,6737.4854
4,VAT_4,VAT,53677.2833,10909.9424,3771.6503,66181.5577,22911.7668,19503.1318,12651.4991,4061.6277,4089.2539,5818.1769,2554.6112,2184.9406,3327.1245,4757.2476,9420.875,4986.9286,3252.6903,4246.8855,12983.5516,9416.7379,17327.6473,3061.5928,1716.19,4749.0527
40,VAT_40,VAT,46892.6288,10025.6089,4464.7702,77156.0141,17052.8533,35789.6921,18046.339,7139.7722,5748.0883,9023.3157,3576.5527,3055.3461,4523.9492,7985.8876,17630.8243,6372.599,3393.7496,6469.3586,16532.9497,10981.6393,17730.9424,2715.0616,2349.6766,3519.7712
41,VAT_41,VAT,44709.7774,4652.4906,1235.0307,24074.9291,3615.4627,14342.4848,3085.9448,6176.6417,9822.295,13051.5467,6861.6475,3512.7726,3969.0125,10005.0095,12325.9773,1629.5282,2204.2418,7889.9761,12921.5125,15140.9499,29556.4277,4514.2129,3485.2125,9216.8538
42,VAT_42,VAT,37697.3642,6113.1608,2277.1674,44899.5053,11316.3999,22254.9522,3526.3843,4106.6434,7473.0565,5508.5098,3047.7039,2578.5236,4265.6515,4567.0127,12285.6564,3165.032,1002.4966,8821.9699,7865.6688,7095.7542,15829.8427,1951.8315,2588.7134,3175.2827
45,VAT_45,VAT,25351.8584,3707.0944,1305.608,32617.2136,5766.8044,8550.7334,3871.5777,2413.3196,2418.9995,5303.5978,2972.6506,1106.9976,2114.0977,5409.0539,8638.4517,2565.0778,3268.5971,1245.8368,10682.0619,7346.6109,8242.54,1405.6993,1133.1475,2449.8898
46,VAT_46,VAT,47009.5229,3989.5677,1480.226,30780.244,3917.6984,11598.9119,4902.3971,7378.0649,6780.1875,12757.1734,7312.1267,4033.2735,4332.0869,11155.8684,12098.4563,1162.919,2032.6601,2844.3555,14052.3914,11424.0589,25126.3278,3425.0548,2696.0176,7459.2317
47,VAT_47,VAT,36020.4907,7881.1779,2565.1194,42780.8452,13009.1901,23823.1123,3577.1247,5034.613,4531.4704,4052.8368,2156.4631,2598.7158,2537.417,3426.458,8453.3383,5652.55,1805.829,5419.2193,8881.9829,6834.6025,15572.7719,2295.1769,2088.8423,4219.7778
48,VAT_48,VAT,34449.718,5539.8201,2104.6028,37308.0343,7681.1233,21199.7443,4325.9535,8368.1422,13476.7552,15753.6402,6824.4612,4739.3022,8076.2452,13788.1582,20321.7708,2148.1694,1866.8688,10565.2907,12558.2073,14795.6926,22036.5401,2776.7331,2546.3837,4042.4553
49,VAT_49,VAT,49609.6225,7239.9269,2100.1013,34841.5223,5136.1932,17292.173,21043.4329,4061.6564,2684.3975,8160.7141,4802.0426,2003.9708,1011.9669,2758.9682,11621.9446,1004.7241,2318.7947,2889.414,6552.0353,5984.4383,31123.8146,8357.8986,5836.1019,14274.2362
5,VAT_5,VAT,35526.622,9119.8933,3104.1694,56536.1471,17897.5634,24954.3219,8948.3339,5534.7353,3751.595,3562.9892,1538.3342,2720.1202,3012.6102,4549.3256,7821.766,3508.8435,2026.8885,4242.716,10695.977,8598.5227,12389.1066,1670.4434,1522.2382,2673.5018
52,VAT_52,VAT,36988.1971,6165.4179,2335.9722,39746.4547,15621.8283,19195.4172,3403.9359,7085.8554,4210.5205,6801.0164,3160.7866,2990.3541,2749.9405,6578.2092,9544.9208,3314.8893,2412.8526,4275.6874,12180.4304,11760.1329,14960.8449,1905.1572,2131.8329,3021.5015
53,VAT_53,VAT,40581.6399,9990.6647,2906.4547,49239.9104,17327.5968,16029.9652,13048.8813,3221.2071,3734.9692,4881.0551,2345.8387,1837.3933,2695.7583,4653.6139,7070.3909,4370.2654,2408.8194,3968.7524,11227.5087,8135.8296,14599.0536,2524.7693,1550.8949,4254.8282
54,VAT_54,VAT,25850.354,6662.8847,2925.5193,40508.3096,13249.7593,18787.7273,8051.5663,3994.4294,3001.3377,2862.2523,1724.0992,1885.3153,2225.4695,3183.5611,5909.013,2836.2696,1605.6158,3248.4482,8395.4834,5991.4755,10143.2467,1462.4983,940.1259,2151.6167
55,VAT_55,VAT,36487.8997,5610.5776,1782.4285,71681.2394,8908.8625,13374.8891,9109.7295,4106.2273,3551.5005,6403.1011,2432.2261,1917.3984,1955.6081,5060.5723,6879.126,2503.0639,2633.2736,2952.7899,10201.7773,11175.1198,11914.0946,1456.9317,1589.6054,2666.3225
56,VAT_56,VAT,47209.5676,14041.019,4216.108,68233.1498,27836.9909,23207.0346,12722.1352,4060.0007,4523.7009,11494.7227,4745.5693,3655.1782,3217.1701,7364.0973,11817.3003,4537.3018,6088.436,2646.0665,18988.0462,16371.4577,19218.5918,3628.0571,3446.8081,6502.976
57,VAT_57,VAT,42788.2297,7614.3521,2283.188,59231.1353,12018.9795,18984.024,7486.6101,2814.6721,2943.4336,4752.3177,1961.7808,1737.5255,1756.4092,2725.94,8320.1174,2618.2161,1744.3689,2163.1046,7696.4674,6685.2827,11818.1064,2093.7911,2187.9019,3317.3616
58,VAT_58,VAT,28363.2334,5934.619,1694.8876,52436.0575,6580.722,12926.2875,11389.4745,3520.2693,3558.2682,7583.6198,3198.547,2617.8605,1944.4448,4252.9684,7423.8321,2270.5667,2638.4275,1578.3105,9314.7005,8015.9561,13133.9606,2318.8002,2655.2124,5029.9882
59,VAT_59,VAT,44589.1094,4689.4517,2208.4246,31000.3555,8040.4683,16789.3965,6338.8203,5124.6196,3968.2751,7392.2515,3979.8171,1959.2153,1573.61,2873.6367,9745.8662,1390.0088,1591.1454,3479.1487,6802.5879,9759.1436,15671.585,2198.8564,2102.8674,4121.2002
6,VAT_6,VAT,39379.9099,5893.922,2167.5186,83519.8905,9352.9624,15584.4564,7032.4152,3098.4742,2982.1974,5628.6987,2558.7025,2052.6958,2164.0778,4817.5141,6887.9295,2264.6703,2438.3164,2675.7919,10995.0964,11552.2957,10926.7668,1372.3491,1507.8462,2362.644
7,VAT_7,VAT,37684.5392,10849.0442,3315.5859,65801.1329,23991.4645,20965.9332,8532.117,3175.9162,3127.8628,8887.7967,3588.5368,2731.9393,2230.2211,5426.9696,10164.1688,3489.9951,4530.3736,2205.0062,14487.9672,12746.4675,14937.6112,2686.2362,2886.3773,5116.2334
8,VAT_8,VAT,47824.6135,8801.506,2087.9432,61238.5467,11417.8233,20816.9362,8242.1662,3090.8337,3098.4184,5166.8995,2484.6472,1897.5099,1978.0161,3242.22,9310.6149,2930.5745,2106.8041,2285.4784,9610.7105,7700.6198,12987.6713,2015.9623,2329.6666,3568.5576
9,VAT_9,VAT,41477.3915,8941.8424,2456.9377,75625.4156,10569.4369,17354.0609,13314.0017,4149.8703,4840.3657,9301.1296,3932.1178,4142.653,2694.4973,6734.9349,11458.1803,2806.4263,3370.3781,2181.2743,13329.4173,11812.2222,18504.9783,2673.7071,3632.6462,6964.2106